Account,Balance (ETH)
0xC7726D0BE86d9cC45f13354bD858461dA0e0D717,147.943781568979552458
0x157Ae7e1Ad1c73f6E619f5f2ffeDF05d0d12d2A6,50.963658810902956522
0xd3510138bCA163903A9b87d2f86a45BBD5f8a7c4,99.98402474794283004
0x4Be40157B53326bc417df2275A1F6D9F1936205a,100
0x0770bc85B7c1fD92eD54BBF43CBe7E391c28ca33,100
0xD9339bA6A00cBDF7e00146D04F7af2aaeCe83fA7,100
0x45e5c6930C3529D84690b01B212834FC2bc9A948,100
0xbeb8477D367b78f4126229af40cb44cAC6a00d8d,100
0x3C5BD4AC8FC0928A6C3ffF06DfbE1bd21779A60F,100
0x4e2a171cCc519d05ccd00dD1d36B0C561a732913,100
0xC7726D0BE86d9cC45f13354bD858461dA0e0D717,148.943781568979552458
0x157Ae7e1Ad1c73f6E619f5f2ffeDF05d0d12d2A6,49.962957851871020318
0xd3510138bCA163903A9b87d2f86a45BBD5f8a7c4,99.98402474794283004
0x4Be40157B53326bc417df2275A1F6D9F1936205a,100
0x0770bc85B7c1fD92eD54BBF43CBe7E391c28ca33,100
0xD9339bA6A00cBDF7e00146D04F7af2aaeCe83fA7,100
0x45e5c6930C3529D84690b01B212834FC2bc9A948,100
0xbeb8477D367b78f4126229af40cb44cAC6a00d8d,100
0x3C5BD4AC8FC0928A6C3ffF06DfbE1bd21779A60F,100
0x4e2a171cCc519d05ccd00dD1d36B0C561a732913,100
Account,Balance (ETH)
0xC7726D0BE86d9cC45f13354bD858461dA0e0D717,149.943781568979552458
0x157Ae7e1Ad1c73f6E619f5f2ffeDF05d0d12d2A6,48.962256892846416898
0xd3510138bCA163903A9b87d2f86a45BBD5f8a7c4,99.98402474794283004
0x4Be40157B53326bc417df2275A1F6D9F1936205a,100
0x0770bc85B7c1fD92eD54BBF43CBe7E391c28ca33,100
0xD9339bA6A00cBDF7e00146D04F7af2aaeCe83fA7,100
0x45e5c6930C3529D84690b01B212834FC2bc9A948,100
0xbeb8477D367b78f4126229af40cb44cAC6a00d8d,100
0x3C5BD4AC8FC0928A6C3ffF06DfbE1bd21779A60F,100
0x4e2a171cCc519d05ccd00dD1d36B0C561a732913,100
Account,Balance (ETH)
0xC7726D0BE86d9cC45f13354bD858461dA0e0D717,150.943781568979552458
0x157Ae7e1Ad1c73f6E619f5f2ffeDF05d0d12d2A6,47.96155593382740955
0xd3510138bCA163903A9b87d2f86a45BBD5f8a7c4,99.98402474794283004
0x4Be40157B53326bc417df2275A1F6D9F1936205a,100
0x0770bc85B7c1fD92eD54BBF43CBe7E391c28ca33,100
0xD9339bA6A00cBDF7e00146D04F7af2aaeCe83fA7,100
0x45e5c6930C3529D84690b01B212834FC2bc9A948,100
0xbeb8477D367b78f4126229af40cb44cAC6a00d8d,100
0x3C5BD4AC8FC0928A6C3ffF06DfbE1bd21779A60F,100
0x4e2a171cCc519d05ccd00dD1d36B0C561a732913,100
Account,Balance (ETH)
0xC7726D0BE86d9cC45f13354bD858461dA0e0D717,151.943781568979552458
0x157Ae7e1Ad1c73f6E619f5f2ffeDF05d0d12d2A6,46.960854974812743982
0xd3510138bCA163903A9b87d2f86a45BBD5f8a7c4,99.98402474794283004
0x4Be40157B53326bc417df2275A1F6D9F1936205a,100
0x0770bc85B7c1fD92eD54BBF43CBe7E391c28ca33,100
0xD9339bA6A00cBDF7e00146D04F7af2aaeCe83fA7,100
0x45e5c6930C3529D84690b01B212834FC2bc9A948,100
0xbeb8477D367b78f4126229af40cb44cAC6a00d8d,100
0x3C5BD4AC8FC0928A6C3ffF06DfbE1bd21779A60F,100
0x4e2a171cCc519d05ccd00dD1d36B0C561a732913,100
Account,Balance (ETH)
0xC7726D0BE86d9cC45f13354bD858461dA0e0D717,152.943781568979552458
0x157Ae7e1Ad1c73f6E619f5f2ffeDF05d0d12d2A6,45.960154015801407112
0xd3510138bCA163903A9b87d2f86a45BBD5f8a7c4,99.98402474794283004
0x4Be40157B53326bc417df2275A1F6D9F1936205a,100
0x0770bc85B7c1fD92eD54BBF43CBe7E391c28ca33,100
0xD9339bA6A00cBDF7e00146D04F7af2aaeCe83fA7,100
0x45e5c6930C3529D84690b01B212834FC2bc9A948,100
0xbeb8477D367b78f4126229af40cb44cAC6a00d8d,100
0x3C5BD4AC8FC0928A6C3ffF06DfbE1bd21779A60F,100
0x4e2a171cCc519d05ccd00dD1d36B0C561a732913,100
Account,Balance (ETH)
0xC7726D0BE86d9cC45f13354bD858461dA0e0D717,154.943781568979552458
0x157Ae7e1Ad1c73f6E619f5f2ffeDF05d0d12d2A6,43.958752097785824946
0xd3510138bCA163903A9b87d2f86a45BBD5f8a7c4,99.98402474794283004
0x4Be40157B53326bc417df2275A1F6D9F1936205a,100
0x0770bc85B7c1fD92eD54BBF43CBe7E391c28ca33,100
0xD9339bA6A00cBDF7e00146D04F7af2aaeCe83fA7,100
0x45e5c6930C3529D84690b01B212834FC2bc9A948,100
0xbeb8477D367b78f4126229af40cb44cAC6a00d8d,100
0x3C5BD4AC8FC0928A6C3ffF06DfbE1bd21779A60F,100
0x4e2a171cCc519d05ccd00dD1d36B0C561a732913,100
Account,Balance (ETH)
0xC7726D0BE86d9cC45f13354bD858461dA0e0D717,155.943781568979552458
0x157Ae7e1Ad1c73f6E619f5f2ffeDF05d0d12d2A6,42.958051138780566568
0xd3510138bCA163903A9b87d2f86a45BBD5f8a7c4,99.98402474794283004
0x4Be40157B53326bc417df2275A1F6D9F1936205a,100
0x0770bc85B7c1fD92eD54BBF43CBe7E391c28ca33,100
0xD9339bA6A00cBDF7e00146D04F7af2aaeCe83fA7,100
0x45e5c6930C3529D84690b01B212834FC2bc9A948,100
0xbeb8477D367b78f4126229af40cb44cAC6a00d8d,100
0x3C5BD4AC8FC0928A6C3ffF06DfbE1bd21779A60F,100
0x4e2a171cCc519d05ccd00dD1d36B0C561a732913,100
Account,Balance (ETH)
0xC7726D0BE86d9cC45f13354bD858461dA0e0D717,156.943781568979552458
0x157Ae7e1Ad1c73f6E619f5f2ffeDF05d0d12d2A6,41.957350179776465998
0xd3510138bCA163903A9b87d2f86a45BBD5f8a7c4,99.98402474794283004
0x4Be40157B53326bc417df2275A1F6D9F1936205a,100
0x0770bc85B7c1fD92eD54BBF43CBe7E391c28ca33,100
0xD9339bA6A00cBDF7e00146D04F7af2aaeCe83fA7,100
0x45e5c6930C3529D84690b01B212834FC2bc9A948,100
0xbeb8477D367b78f4126229af40cb44cAC6a00d8d,100
0x3C5BD4AC8FC0928A6C3ffF06DfbE1bd21779A60F,100
0x4e2a171cCc519d05ccd00dD1d36B0C561a732913,100
Account,Balance (ETH)
0xC7726D0BE86d9cC45f13354bD858461dA0e0D717,157.943781568979552458
0x157Ae7e1Ad1c73f6E619f5f2ffeDF05d0d12d2A6,40.956649220773282026
0xd3510138bCA163903A9b87d2f86a45BBD5f8a7c4,99.98402474794283004
0x4Be40157B53326bc417df2275A1F6D9F1936205a,100
0x0770bc85B7c1fD92eD54BBF43CBe7E391c28ca33,100
0xD9339bA6A00cBDF7e00146D04F7af2aaeCe83fA7,100
0x45e5c6930C3529D84690b01B212834FC2bc9A948,100
0xbeb8477D367b78f4126229af40cb44cAC6a00d8d,100
0x3C5BD4AC8FC0928A6C3ffF06DfbE1bd21779A60F,100
0x4e2a171cCc519d05ccd00dD1d36B0C561a732913,100
Account,Balance (ETH)
0xC7726D0BE86d9cC45f13354bD858461dA0e0D717,158.943781568979552458
0x157Ae7e1Ad1c73f6E619f5f2ffeDF05d0d12d2A6,39.955948261770773442
0xd3510138bCA163903A9b87d2f86a45BBD5f8a7c4,99.98402474794283004
0x4Be40157B53326bc417df2275A1F6D9F1936205a,100
0x0770bc85B7c1fD92eD54BBF43CBe7E391c28ca33,100
0xD9339bA6A00cBDF7e00146D04F7af2aaeCe83fA7,100
0x45e5c6930C3529D84690b01B212834FC2bc9A948,100
0xbeb8477D367b78f4126229af40cb44cAC6a00d8d,100
0x3C5BD4AC8FC0928A6C3ffF06DfbE1bd21779A60F,100
0x4e2a171cCc519d05ccd00dD1d36B0C561a732913,100
Account,Balance (ETH)
0xC7726D0BE86d9cC45f13354bD858461dA0e0D717,159.943781568979552458
0x157Ae7e1Ad1c73f6E619f5f2ffeDF05d0d12d2A6,38.95524730276879552
0xd3510138bCA163903A9b87d2f86a45BBD5f8a7c4,99.98402474794283004
0x4Be40157B53326bc417df2275A1F6D9F1936205a,100
0x0770bc85B7c1fD92eD54BBF43CBe7E391c28ca33,100
0xD9339bA6A00cBDF7e00146D04F7af2aaeCe83fA7,100
0x45e5c6930C3529D84690b01B212834FC2bc9A948,100
0xbeb8477D367b78f4126229af40cb44cAC6a00d8d,100
0x3C5BD4AC8FC0928A6C3ffF06DfbE1bd21779A60F,100
0x4e2a171cCc519d05ccd00dD1d36B0C561a732913,100
Account,Balance (ETH)
0xC7726D0BE86d9cC45f13354bD858461dA0e0D717,161.943781568979552458
0x157Ae7e1Ad1c73f6E619f5f2ffeDF05d0d12d2A6,36.953845384766045726
0xd3510138bCA163903A9b87d2f86a45BBD5f8a7c4,99.98402474794283004
0x4Be40157B53326bc417df2275A1F6D9F1936205a,100
0x0770bc85B7c1fD92eD54BBF43CBe7E391c28ca33,100
0xD9339bA6A00cBDF7e00146D04F7af2aaeCe83fA7,100
0x45e5c6930C3529D84690b01B212834FC2bc9A948,100
0xbeb8477D367b78f4126229af40cb44cAC6a00d8d,100
0x3C5BD4AC8FC0928A6C3ffF06DfbE1bd21779A60F,100
0x4e2a171cCc519d05ccd00dD1d36B0C561a732913,100
Account,Balance (ETH)
0xC7726D0BE86d9cC45f13354bD858461dA0e0D717,162.943781568979552458
0x157Ae7e1Ad1c73f6E619f5f2ffeDF05d0d12d2A6,35.953144425765032644
0xd3510138bCA163903A9b87d2f86a45BBD5f8a7c4,99.98402474794283004
0x4Be40157B53326bc417df2275A1F6D9F1936205a,100
0x0770bc85B7c1fD92eD54BBF43CBe7E391c28ca33,100
0xD9339bA6A00cBDF7e00146D04F7af2aaeCe83fA7,100
0x45e5c6930C3529D84690b01B212834FC2bc9A948,100
0xbeb8477D367b78f4126229af40cb44cAC6a00d8d,100
0x3C5BD4AC8FC0928A6C3ffF06DfbE1bd21779A60F,100
0x4e2a171cCc519d05ccd00dD1d36B0C561a732913,100
Account,Balance (ETH)
0xC7726D0BE86d9cC45f13354bD858461dA0e0D717,163.943781568979552458
0x157Ae7e1Ad1c73f6E619f5f2ffeDF05d0d12d2A6,34.952443466764260772
0xd3510138bCA163903A9b87d2f86a45BBD5f8a7c4,99.98402474794283004
0x4Be40157B53326bc417df2275A1F6D9F1936205a,100
0x0770bc85B7c1fD92eD54BBF43CBe7E391c28ca33,100
0xD9339bA6A00cBDF7e00146D04F7af2aaeCe83fA7,100
0x45e5c6930C3529D84690b01B212834FC2bc9A948,100
0xbeb8477D367b78f4126229af40cb44cAC6a00d8d,100
0x3C5BD4AC8FC0928A6C3ffF06DfbE1bd21779A60F,100
0x4e2a171cCc519d05ccd00dD1d36B0C561a732913,100
Account,Balance (ETH)
0xC7726D0BE86d9cC45f13354bD858461dA0e0D717,164.943781568979552458
0x157Ae7e1Ad1c73f6E619f5f2ffeDF05d0d12d2A6,33.951742507763585384
0xd3510138bCA163903A9b87d2f86a45BBD5f8a7c4,99.98402474794283004
0x4Be40157B53326bc417df2275A1F6D9F1936205a,100
0x0770bc85B7c1fD92eD54BBF43CBe7E391c28ca33,100
0xD9339bA6A00cBDF7e00146D04F7af2aaeCe83fA7,100
0x45e5c6930C3529D84690b01B212834FC2bc9A948,100
0xbeb8477D367b78f4126229af40cb44cAC6a00d8d,100
0x3C5BD4AC8FC0928A6C3ffF06DfbE1bd21779A60F,100
0x4e2a171cCc519d05ccd00dD1d36B0C561a732913,100
Account,Balance (ETH)
0xC7726D0BE86d9cC45f13354bD858461dA0e0D717,165.943781568979552458
0x157Ae7e1Ad1c73f6E619f5f2ffeDF05d0d12d2A6,32.95104154876300648
0xd3510138bCA163903A9b87d2f86a45BBD5f8a7c4,99.98402474794283004
0x4Be40157B53326bc417df2275A1F6D9F1936205a,100
0x0770bc85B7c1fD92eD54BBF43CBe7E391c28ca33,100
0xD9339bA6A00cBDF7e00146D04F7af2aaeCe83fA7,100
0x45e5c6930C3529D84690b01B212834FC2bc9A948,100
0xbeb8477D367b78f4126229af40cb44cAC6a00d8d,100
0x3C5BD4AC8FC0928A6C3ffF06DfbE1bd21779A60F,100
0x4e2a171cCc519d05ccd00dD1d36B0C561a732913,100
Account,Balance (ETH)
0xC7726D0BE86d9cC45f13354bD858461dA0e0D717,166.943781568979552458
0x157Ae7e1Ad1c73f6E619f5f2ffeDF05d0d12d2A6,31.95034058976252406
0xd3510138bCA163903A9b87d2f86a45BBD5f8a7c4,99.98402474794283004
0x4Be40157B53326bc417df2275A1F6D9F1936205a,100
0x0770bc85B7c1fD92eD54BBF43CBe7E391c28ca33,100
0xD9339bA6A00cBDF7e00146D04F7af2aaeCe83fA7,100
0x45e5c6930C3529D84690b01B212834FC2bc9A948,100
0xbeb8477D367b78f4126229af40cb44cAC6a00d8d,100
0x3C5BD4AC8FC0928A6C3ffF06DfbE1bd21779A60F,100
0x4e2a171cCc519d05ccd00dD1d36B0C561a732913,100
Account,Balance (ETH)
0xC7726D0BE86d9cC45f13354bD858461dA0e0D717,167.925086150977264738
0x157Ae7e1Ad1c73f6E619f5f2ffeDF05d0d12d2A6,30.94891718876204164
0xd3510138bCA163903A9b87d2f86a45BBD5f8a7c4,99.98402474794283004
0x4Be40157B53326bc417df2275A1F6D9F1936205a,100
0x0770bc85B7c1fD92eD54BBF43CBe7E391c28ca33,100
0xD9339bA6A00cBDF7e00146D04F7af2aaeCe83fA7,100
0x45e5c6930C3529D84690b01B212834FC2bc9A948,100
0xbeb8477D367b78f4126229af40cb44cAC6a00d8d,100
0x3C5BD4AC8FC0928A6C3ffF06DfbE1bd21779A60F,100
0x4e2a171cCc519d05ccd00dD1d36B0C561a732913,100
